<?xml version="1.0" encoding="UTF-8" standalone="no"?><IES_Esteve_Terrades><Ciclos><Ciclo Nombre="AMS2"><Personas><Tutor>Enric</Tutor><Alumnos><Alumno>Jonatan Valle</Alumno><Alumno>Sergio Bereño</Alumno></Alumnos></Personas><Modulo Mod="M06"><Titulo>Acceso a datos</Titulo><Profesores><Profesor>Enric</Profesor><Profesor>Rafa</Profesor></Profesores><UFs><UF>UF1</UF><UF>UF2</UF><UF>UF3</UF></UFs></Modulo><Modulo Mod="M08"><Titulo>Interfaces</Titulo><Profesores><Profesor>David Espeja</Profesor></Profesores><UFs><UF>UF1</UF><UF>UF2</UF><UF>UF3</UF><UF>UF4</UF></UFs></Modulo></Ciclo></Ciclos><Ciclos><Ciclo Nombre="AWS2"><Personas><Tutor>Leandro</Tutor><Alumnos><Alumno>Sabana</Alumno><Alumno>Adrian Romero</Alumno><Alumno>Pedro Hurtado</Alumno></Alumnos></Personas><Modulo Mod="M09"><Titulo>ERP</Titulo><Profesores><Profesor>Pesado Toston</Profesor><Profesor>Javier Linde</Profesor></Profesores><UFs><UF>UF1</UF><UF>UF2</UF><UF>UF3</UF><UF>UF4</UF></UFs></Modulo></Ciclo></Ciclos></IES_Esteve_Terrades>